hdv_ratio,av_penetration_rate,success_rate,collision_rate,timeout_rate,avg_merge_time,avg_ttc,avg_delay,avg_ep_length
0.0,1.0,100.0,0.0,0.0,13.399999999999963,4.885620420711646,13.399999999999963,37.1
0.25,0.75,100.0,0.0,0.0,13.318999999999965,4.17792574425211,13.318999999999965,37.024
0.5,0.5,100.0,0.0,0.0,13.329999999999968,3.7716231020131907,13.329999999999968,37.057
0.75,0.25,100.0,0.0,0.0,13.385999999999969,3.63456747203514,13.385999999999969,37.232
1.0,0.0,100.0,0.0,0.0,13.49999999999997,4.17444420275136,13.49999999999997,37.5
